curve_id,study,strain,medium_class,medium_detail,defined,temp_C,rate_per_h
39668,"Cooper, Bennett & Lenski 2001",E. coli B,glucose_minimal,"Davis minimal medium + 500 ug/ml glucose (DM500), thiamine-supplemented, glucose-replete",True,20.0,0.31
39668,"Cooper, Bennett & Lenski 2001",E. coli B,glucose_minimal,"Davis minimal medium + 500 ug/ml glucose (DM500), thiamine-supplemented, glucose-replete",True,27.0,0.55
39668,"Cooper, Bennett & Lenski 2001",E. coli B,glucose_minimal,"Davis minimal medium + 500 ug/ml glucose (DM500), thiamine-supplemented, glucose-replete",True,32.0,0.67
39668,"Cooper, Bennett & Lenski 2001",E. coli B,glucose_minimal,"Davis minimal medium + 500 ug/ml glucose (DM500), thiamine-supplemented, glucose-replete",True,34.5,0.78
39668,"Cooper, Bennett & Lenski 2001",E. coli B,glucose_minimal,"Davis minimal medium + 500 ug/ml glucose (DM500), thiamine-supplemented, glucose-replete",True,37.0,0.87
39668,"Cooper, Bennett & Lenski 2001",E. coli B,glucose_minimal,"Davis minimal medium + 500 ug/ml glucose (DM500), thiamine-supplemented, glucose-replete",True,39.0,0.85
39668,"Cooper, Bennett & Lenski 2001",E. coli B,glucose_minimal,"Davis minimal medium + 500 ug/ml glucose (DM500), thiamine-supplemented, glucose-replete",True,40.0,0.88
39668,"Cooper, Bennett & Lenski 2001",E. coli B,glucose_minimal,"Davis minimal medium + 500 ug/ml glucose (DM500), thiamine-supplemented, glucose-replete",True,41.0,0.68
39668,"Cooper, Bennett & Lenski 2001",E. coli B,glucose_minimal,"Davis minimal medium + 500 ug/ml glucose (DM500), thiamine-supplemented, glucose-replete",True,42.0,0.536
EC_Daughtry1997,Huang 2011,E. coli,rich_broth,,False,10.1126,0.05112
EC_Daughtry1997,Huang 2011,E. coli,rich_broth,,False,15.4419,0.1591199999999999
EC_Daughtry1997,Huang 2011,E. coli,rich_broth,,False,18.0832,0.2699999999999999
EC_Daughtry1997,Huang 2011,E. coli,rich_broth,,False,21.4448,0.4104
EC_Daughtry1997,Huang 2011,E. coli,rich_broth,,False,23.6059,0.5004
EC_Daughtry1997,Huang 2011,E. coli,rich_broth,,False,25.4795,0.6407999999999999
EC_Daughtry1997,Huang 2011,E. coli,rich_broth,,False,27.5443,0.7056
EC_Daughtry1997,Huang 2011,E. coli,rich_broth,,False,29.6587,0.9144
EC_Daughtry1997,Huang 2011,E. coli,rich_broth,,False,33.5964,1.0548000000000002
EC_Daughtry1997,Huang 2011,E. coli,rich_broth,,False,37.2484,1.4004
EC_Daughtry1997,Huang 2011,E. coli,rich_broth,,False,39.5539,1.5228
EC_Daughtry1997,Huang 2011,E. coli,rich_broth,,False,40.8017,1.5084
EC_Ingraham1958,Huang 2011,E. coli,rich_broth,,False,8.09633,0.028476
EC_Ingraham1958,Huang 2011,E. coli,rich_broth,,False,12.0808,0.07092
EC_Ingraham1958,Huang 2011,E. coli,rich_broth,,False,14.0973,0.1098
EC_Ingraham1958,Huang 2011,E. coli,rich_broth,,False,15.9214,0.12276
EC_Ingraham1958,Huang 2011,E. coli,rich_broth,,False,18.0818,0.15552
EC_Ingraham1958,Huang 2011,E. coli,rich_broth,,False,20.0509,0.24696
EC_Ingraham1958,Huang 2011,E. coli,rich_broth,,False,22.021,0.4284
EC_Ingraham1958,Huang 2011,E. coli,rich_broth,,False,24.0857,0.4824
EC_Ingraham1958,Huang 2011,E. coli,rich_broth,,False,26.0088,0.7524000000000001
EC_Ingraham1958,Huang 2011,E. coli,rich_broth,,False,27.9787,0.9072
EC_Ingraham1958,Huang 2011,E. coli,rich_broth,,False,29.9988,1.2564000000000002
EC_Ingraham1958,Huang 2011,E. coli,rich_broth,,False,32.0642,1.3824
EC_Ingraham1958,Huang 2011,E. coli,rich_broth,,False,34.0814,1.4796
EC_Ingraham1958,Huang 2011,E. coli,rich_broth,,False,36.1512,1.98
EC_Ingraham1958,Huang 2011,E. coli,rich_broth,,False,38.1182,1.8936
EC_Ingraham1958,Huang 2011,E. coli,rich_broth,,False,40.0392,1.9764
EC_Ingraham1958,Huang 2011,E. coli,rich_broth,,False,42.1032,1.98
EC_Ingraham1958,Huang 2011,E. coli,rich_broth,,False,44.0702,1.89
EC_Ratkowsky1991,Huang 2011,E. coli,rich_broth,,False,8.04822,0.018648
EC_Ratkowsky1991,Huang 2011,E. coli,rich_broth,,False,14.9614,0.11988
EC_Ratkowsky1991,Huang 2011,E. coli,rich_broth,,False,20.0984,0.2012399999999999
EC_Ratkowsky1991,Huang 2011,E. coli,rich_broth,,False,25.0444,0.3743999999999999
EC_Ratkowsky1991,Huang 2011,E. coli,rich_broth,,False,35.0824,0.8892
EC_Ratkowsky1991,Huang 2011,E. coli,rich_broth,,False,40.0286,1.0692
EC_Ratkowsky1991,Huang 2011,E. coli,rich_broth,,False,45.9832,1.2996
E_coli_M23,Ratkowsky 2005,E. coli,rich_broth,,False,7.5,0.022356
E_coli_M23,Ratkowsky 2005,E. coli,rich_broth,,False,7.8,0.03924
E_coli_M23,Ratkowsky 2005,E. coli,rich_broth,,False,8.6,0.0921599999999999
E_coli_M23,Ratkowsky 2005,E. coli,rich_broth,,False,9.0,0.0982799999999999
E_coli_M23,Ratkowsky 2005,E. coli,rich_broth,,False,10.8,0.17172
E_coli_M23,Ratkowsky 2005,E. coli,rich_broth,,False,12.0,0.16596
E_coli_M23,Ratkowsky 2005,E. coli,rich_broth,,False,12.8,0.18756
E_coli_M23,Ratkowsky 2005,E. coli,rich_broth,,False,13.5,0.20736
E_coli_M23,Ratkowsky 2005,E. coli,rich_broth,,False,14.8,0.25416
E_coli_M23,Ratkowsky 2005,E. coli,rich_broth,,False,15.6,0.35928
E_coli_M23,Ratkowsky 2005,E. coli,rich_broth,,False,16.2,0.411336
E_coli_M23,Ratkowsky 2005,E. coli,rich_broth,,False,17.0,0.479556
E_coli_M23,Ratkowsky 2005,E. coli,rich_broth,,False,17.6,0.413352
E_coli_M23,Ratkowsky 2005,E. coli,rich_broth,,False,17.9,0.433512
E_coli_M23,Ratkowsky 2005,E. coli,rich_broth,,False,18.5,0.6120720000000001
E_coli_M23,Ratkowsky 2005,E. coli,rich_broth,,False,19.2,0.486
E_coli_M23,Ratkowsky 2005,E. coli,rich_broth,,False,19.4,0.69984
E_coli_M23,Ratkowsky 2005,E. coli,rich_broth,,False,20.2,0.807372
E_coli_M23,Ratkowsky 2005,E. coli,rich_broth,,False,20.3,0.564552
E_coli_M23,Ratkowsky 2005,E. coli,rich_broth,,False,21.2,0.967752
E_coli_M23,Ratkowsky 2005,E. coli,rich_broth,,False,21.3,0.62424
E_coli_M23,Ratkowsky 2005,E. coli,rich_broth,,False,22.1,0.967752
E_coli_M23,Ratkowsky 2005,E. coli,rich_broth,,False,23.0,0.967752
E_coli_M23,Ratkowsky 2005,E. coli,rich_broth,,False,23.1,1.126152
E_coli_M23,Ratkowsky 2005,E. coli,rich_broth,,False,24.1,1.126152
E_coli_M23,Ratkowsky 2005,E. coli,rich_broth,,False,25.5,1.368072
E_coli_M23,Ratkowsky 2005,E. coli,rich_broth,,False,25.8,1.176012
E_coli_M23,Ratkowsky 2005,E. coli,rich_broth,,False,26.5,1.332072
E_coli_M23,Ratkowsky 2005,E. coli,rich_broth,,False,26.9,1.35
E_coli_M23,Ratkowsky 2005,E. coli,rich_broth,,False,27.8,1.497852
E_coli_M23,Ratkowsky 2005,E. coli,rich_broth,,False,28.1,1.422972
E_coli_M23,Ratkowsky 2005,E. coli,rich_broth,,False,28.4,1.87974
E_coli_M23,Ratkowsky 2005,E. coli,rich_broth,,False,28.8,1.594152
E_coli_M23,Ratkowsky 2005,E. coli,rich_broth,,False,30.1,1.837512
E_coli_M23,Ratkowsky 2005,E. coli,rich_broth,,False,31.0,1.944
E_coli_M23,Ratkowsky 2005,E. coli,rich_broth,,False,32.0,2.166012
E_coli_M23,Ratkowsky 2005,E. coli,rich_broth,,False,33.0,2.400012
E_coli_M23,Ratkowsky 2005,E. coli,rich_broth,,False,34.4,2.472552
E_coli_M23,Ratkowsky 2005,E. coli,rich_broth,,False,34.5,2.0757600000000003
E_coli_M23,Ratkowsky 2005,E. coli,rich_broth,,False,35.0,2.400012
E_coli_M23,Ratkowsky 2005,E. coli,rich_broth,,False,35.6,2.57094
E_coli_M23,Ratkowsky 2005,E. coli,rich_broth,,False,36.2,2.620872
E_coli_M23,Ratkowsky 2005,E. coli,rich_broth,,False,36.8,2.773512
E_coli_M23,Ratkowsky 2005,E. coli,rich_broth,,False,36.8,3.0375
E_coli_M23,Ratkowsky 2005,E. coli,rich_broth,,False,38.3,3.398652
E_coli_M23,Ratkowsky 2005,E. coli,rich_broth,,False,38.5,3.932172
E_coli_M23,Ratkowsky 2005,E. coli,rich_broth,,False,39.1,3.4272720000000003
E_coli_M23,Ratkowsky 2005,E. coli,rich_broth,,False,39.7,2.851452
E_coli_M23,Ratkowsky 2005,E. coli,rich_broth,,False,39.8,3.313512
E_coli_M23,Ratkowsky 2005,E. coli,rich_broth,,False,40.8,2.620872
E_coli_M23,Ratkowsky 2005,E. coli,rich_broth,,False,42.2,3.11904
E_coli_M23,Ratkowsky 2005,E. coli,rich_broth,,False,42.5,2.2815
E_coli_M23,Ratkowsky 2005,E. coli,rich_broth,,False,43.2,2.620872
E_coli_M23,Ratkowsky 2005,E. coli,rich_broth,,False,44.2,2.21184
E_coli_M23,Ratkowsky 2005,E. coli,rich_broth,,False,44.4,1.75446
E_coli_M23,Ratkowsky 2005,E. coli,rich_broth,,False,45.4,1.077372
E_coli_M23,Ratkowsky 2005,E. coli,rich_broth,,False,45.8,0.983052
E_coli_NT_R31,Ratkowsky 2005,E. coli,rich_broth,,False,7.61,0.016524
E_coli_NT_R31,Ratkowsky 2005,E. coli,rich_broth,,False,10.31,0.0522
E_coli_NT_R31,Ratkowsky 2005,E. coli,rich_broth,,False,12.01,0.10728
E_coli_NT_R31,Ratkowsky 2005,E. coli,rich_broth,,False,13.21,0.15264
E_coli_NT_R31,Ratkowsky 2005,E. coli,rich_broth,,False,14.51,0.20772
E_coli_NT_R31,Ratkowsky 2005,E. coli,rich_broth,,False,16.01,0.28944
E_coli_NT_R31,Ratkowsky 2005,E. coli,rich_broth,,False,17.41,0.3707999999999999
E_coli_NT_R31,Ratkowsky 2005,E. coli,rich_broth,,False,18.51,0.447984
E_coli_NT_R31,Ratkowsky 2005,E. coli,rich_broth,,False,20.21,0.59994
E_coli_NT_R31,Ratkowsky 2005,E. coli,rich_broth,,False,21.51,0.682056
E_coli_NT_R31,Ratkowsky 2005,E. coli,rich_broth,,False,22.71,0.844128
E_coli_NT_R31,Ratkowsky 2005,E. coli,rich_broth,,False,24.11,0.997992
E_coli_NT_R31,Ratkowsky 2005,E. coli,rich_broth,,False,25.41,1.152288
E_coli_NT_R31,Ratkowsky 2005,E. coli,rich_broth,,False,26.71,1.23534
E_coli_NT_R31,Ratkowsky 2005,E. coli,rich_broth,,False,27.91,1.545192
E_coli_NT_R31,Ratkowsky 2005,E. coli,rich_broth,,False,29.31,1.491444
E_coli_NT_R31,Ratkowsky 2005,E. coli,rich_broth,,False,30.61,1.732608
E_coli_NT_R31,Ratkowsky 2005,E. coli,rich_broth,,False,32.11,1.87794
E_coli_NT_R31,Ratkowsky 2005,E. coli,rich_broth,,False,33.61,2.013408
E_coli_NT_R31,Ratkowsky 2005,E. coli,rich_broth,,False,35.01,2.128428
E_coli_NT_R31,Ratkowsky 2005,E. coli,rich_broth,,False,36.71,2.351088
E_coli_NT_R31,Ratkowsky 2005,E. coli,rich_broth,,False,38.01,2.390436
E_coli_NT_R31,Ratkowsky 2005,E. coli,rich_broth,,False,40.11,2.600784
E_coli_NT_R31,Ratkowsky 2005,E. coli,rich_broth,,False,41.91,2.583972
E_coli_NT_R31,Ratkowsky 2005,E. coli,rich_broth,,False,43.61,2.604168
E_coli_NT_R31,Ratkowsky 2005,E. coli,rich_broth,,False,45.61,2.19618
E_coli_NT_R31,Ratkowsky 2005,E. coli,rich_broth,,False,47.41,0.752256
E_coli_O111_H-,Ratkowsky 2005,E. coli,rich_broth,,False,7.71,0.012132
E_coli_O111_H-,Ratkowsky 2005,E. coli,rich_broth,,False,9.41,0.032544
E_coli_O111_H-,Ratkowsky 2005,E. coli,rich_broth,,False,11.21,0.07056
E_coli_O111_H-,Ratkowsky 2005,E. coli,rich_broth,,False,13.11,0.12024
E_coli_O111_H-,Ratkowsky 2005,E. coli,rich_broth,,False,14.31,0.1742399999999999
E_coli_O111_H-,Ratkowsky 2005,E. coli,rich_broth,,False,15.71,0.22104
E_coli_O111_H-,Ratkowsky 2005,E. coli,rich_broth,,False,17.11,0.28548
E_coli_O111_H-,Ratkowsky 2005,E. coli,rich_broth,,False,18.21,0.35316
E_coli_O111_H-,Ratkowsky 2005,E. coli,rich_broth,,False,19.51,0.421704
E_coli_O111_H-,Ratkowsky 2005,E. coli,rich_broth,,False,20.71,0.513468
E_coli_O111_H-,Ratkowsky 2005,E. coli,rich_broth,,False,22.01,0.645084
E_coli_O111_H-,Ratkowsky 2005,E. coli,rich_broth,,False,23.31,0.758232
E_coli_O111_H-,Ratkowsky 2005,E. coli,rich_broth,,False,24.41,0.8244
E_coli_O111_H-,Ratkowsky 2005,E. coli,rich_broth,,False,25.61,1.03788
E_coli_O111_H-,Ratkowsky 2005,E. coli,rich_broth,,False,27.01,1.194732
E_coli_O111_H-,Ratkowsky 2005,E. coli,rich_broth,,False,28.21,1.267164
E_coli_O111_H-,Ratkowsky 2005,E. coli,rich_broth,,False,29.71,1.460196
E_coli_O111_H-,Ratkowsky 2005,E. coli,rich_broth,,False,31.01,1.509048
E_coli_O111_H-,Ratkowsky 2005,E. coli,rich_broth,,False,32.51,1.706004
E_coli_O111_H-,Ratkowsky 2005,E. coli,rich_broth,,False,34.11,1.931112
E_coli_O111_H-,Ratkowsky 2005,E. coli,rich_broth,,False,35.31,2.079
E_coli_O111_H-,Ratkowsky 2005,E. coli,rich_broth,,False,37.31,2.35296
E_coli_O111_H-,Ratkowsky 2005,E. coli,rich_broth,,False,38.71,2.4896160000000003
E_coli_O111_H-,Ratkowsky 2005,E. coli,rich_broth,,False,41.01,2.544516
E_coli_O111_H-,Ratkowsky 2005,E. coli,rich_broth,,False,42.91,2.48652
E_coli_O111_H-,Ratkowsky 2005,E. coli,rich_broth,,False,45.21,2.102328
E_coli_O111_H-,Ratkowsky 2005,E. coli,rich_broth,,False,46.81,1.018836
E_coli_O126_H21,Ratkowsky 2005,E. coli,rich_broth,,False,10.41,0.05544
E_coli_O126_H21,Ratkowsky 2005,E. coli,rich_broth,,False,12.11,0.10332
E_coli_O126_H21,Ratkowsky 2005,E. coli,rich_broth,,False,13.31,0.1742399999999999
E_coli_O126_H21,Ratkowsky 2005,E. coli,rich_broth,,False,14.71,0.24084
E_coli_O126_H21,Ratkowsky 2005,E. coli,rich_broth,,False,16.21,0.3308399999999999
E_coli_O126_H21,Ratkowsky 2005,E. coli,rich_broth,,False,17.61,0.4129919999999999
E_coli_O126_H21,Ratkowsky 2005,E. coli,rich_broth,,False,18.91,0.515052
E_coli_O126_H21,Ratkowsky 2005,E. coli,rich_broth,,False,20.31,0.591372
E_coli_O126_H21,Ratkowsky 2005,E. coli,rich_broth,,False,21.61,0.745704
E_coli_O126_H21,Ratkowsky 2005,E. coli,rich_broth,,False,23.01,0.868068
E_coli_O126_H21,Ratkowsky 2005,E. coli,rich_broth,,False,24.31,0.980388
E_coli_O126_H21,Ratkowsky 2005,E. coli,rich_broth,,False,25.61,1.140048
E_coli_O126_H21,Ratkowsky 2005,E. coli,rich_broth,,False,26.81,1.28178
E_coli_O126_H21,Ratkowsky 2005,E. coli,rich_broth,,False,28.61,1.323936
E_coli_O126_H21,Ratkowsky 2005,E. coli,rich_broth,,False,29.81,1.58814
E_coli_O126_H21,Ratkowsky 2005,E. coli,rich_broth,,False,31.01,1.693944
E_coli_O126_H21,Ratkowsky 2005,E. coli,rich_broth,,False,32.21,1.83096
E_coli_O126_H21,Ratkowsky 2005,E. coli,rich_broth,,False,33.71,1.905372
E_coli_O126_H21,Ratkowsky 2005,E. coli,rich_broth,,False,35.31,2.383776
E_coli_O126_H21,Ratkowsky 2005,E. coli,rich_broth,,False,36.91,2.29446
E_coli_O126_H21,Ratkowsky 2005,E. coli,rich_broth,,False,38.51,2.4311160000000003
E_coli_O126_H21,Ratkowsky 2005,E. coli,rich_broth,,False,40.11,2.61666
E_coli_O126_H21,Ratkowsky 2005,E. coli,rich_broth,,False,41.71,2.603052
E_coli_O126_H21,Ratkowsky 2005,E. coli,rich_broth,,False,43.51,2.603052
E_coli_O126_H21,Ratkowsky 2005,E. coli,rich_broth,,False,45.71,2.039436
E_coli_O126_H21,Ratkowsky 2005,E. coli,rich_broth,,False,47.21,0.99468
E_coli_O157_H-,Ratkowsky 2005,E. coli,rich_broth,,False,8.01,0.0340559999999999
E_coli_O157_H-,Ratkowsky 2005,E. coli,rich_broth,,False,8.01,0.035064
E_coli_O157_H-,Ratkowsky 2005,E. coli,rich_broth,,False,10.01,0.11556
E_coli_O157_H-,Ratkowsky 2005,E. coli,rich_broth,,False,10.01,0.1209599999999999
E_coli_O157_H-,Ratkowsky 2005,E. coli,rich_broth,,False,12.01,0.14508
E_coli_O157_H-,Ratkowsky 2005,E. coli,rich_broth,,False,12.01,0.14508
E_coli_O157_H-,Ratkowsky 2005,E. coli,rich_broth,,False,14.01,0.1998
E_coli_O157_H-,Ratkowsky 2005,E. coli,rich_broth,,False,14.01,0.19044
E_coli_O157_H-,Ratkowsky 2005,E. coli,rich_broth,,False,16.21,0.568872
E_coli_O157_H-,Ratkowsky 2005,E. coli,rich_broth,,False,18.01,0.703332
E_coli_O157_H-,Ratkowsky 2005,E. coli,rich_broth,,False,18.81,0.754524
E_coli_O157_H-,Ratkowsky 2005,E. coli,rich_broth,,False,20.71,0.88758
E_coli_O157_H-,Ratkowsky 2005,E. coli,rich_broth,,False,21.51,1.068192
E_coli_O157_H-,Ratkowsky 2005,E. coli,rich_broth,,False,23.21,1.237356
E_coli_O157_H-,Ratkowsky 2005,E. coli,rich_broth,,False,24.11,1.449612
E_coli_O157_H-,Ratkowsky 2005,E. coli,rich_broth,,False,25.81,1.539252
E_coli_O157_H-,Ratkowsky 2005,E. coli,rich_broth,,False,26.81,1.7300879999999998
E_coli_O157_H-,Ratkowsky 2005,E. coli,rich_broth,,False,28.41,1.910844
E_coli_O157_H-,Ratkowsky 2005,E. coli,rich_broth,,False,28.41,1.948068
E_coli_O157_H-,Ratkowsky 2005,E. coli,rich_broth,,False,28.51,2.114172
E_coli_O157_H-,Ratkowsky 2005,E. coli,rich_broth,,False,28.51,1.850724
E_coli_O157_H-,Ratkowsky 2005,E. coli,rich_broth,,False,28.71,2.0576160000000003
E_coli_O157_H-,Ratkowsky 2005,E. coli,rich_broth,,False,28.71,1.961424
E_coli_O157_H-,Ratkowsky 2005,E. coli,rich_broth,,False,28.91,2.17548
E_coli_O157_H-,Ratkowsky 2005,E. coli,rich_broth,,False,28.91,2.194596
E_coli_O157_H-,Ratkowsky 2005,E. coli,rich_broth,,False,29.11,2.17548
E_coli_O157_H-,Ratkowsky 2005,E. coli,rich_broth,,False,29.21,2.095704
E_coli_O157_H-,Ratkowsky 2005,E. coli,rich_broth,,False,29.51,2.19618
E_coli_O157_H-,Ratkowsky 2005,E. coli,rich_broth,,False,29.71,2.07684
E_coli_O157_H-,Ratkowsky 2005,E. coli,rich_broth,,False,29.91,2.138292
E_coli_O157_H-,Ratkowsky 2005,E. coli,rich_broth,,False,30.31,2.234628
E_coli_O157_H-,Ratkowsky 2005,E. coli,rich_broth,,False,30.51,2.297088
E_coli_O157_H-,Ratkowsky 2005,E. coli,rich_broth,,False,31.21,2.559744
E_coli_O157_H-,Ratkowsky 2005,E. coli,rich_broth,,False,31.51,2.515716
E_coli_O157_H-,Ratkowsky 2005,E. coli,rich_broth,,False,31.61,2.405772
E_coli_O157_H-,Ratkowsky 2005,E. coli,rich_broth,,False,32.41,2.761164
E_coli_O157_H-,Ratkowsky 2005,E. coli,rich_broth,,False,32.81,2.868084
E_coli_O157_H-,Ratkowsky 2005,E. coli,rich_broth,,False,32.91,2.498976
E_coli_O157_H-,Ratkowsky 2005,E. coli,rich_broth,,False,34.31,2.781648
E_coli_O157_H-,Ratkowsky 2005,E. coli,rich_broth,,False,34.41,2.958588
E_coli_O157_H-,Ratkowsky 2005,E. coli,rich_broth,,False,35.81,3.353832
E_coli_O157_H-,Ratkowsky 2005,E. coli,rich_broth,,False,36.21,3.205116
E_coli_O157_H-,Ratkowsky 2005,E. coli,rich_broth,,False,37.91,3.494484
E_coli_O157_H-,Ratkowsky 2005,E. coli,rich_broth,,False,38.51,3.5461080000000003
E_coli_O157_H-,Ratkowsky 2005,E. coli,rich_broth,,False,40.51,3.3651
E_coli_O157_H-,Ratkowsky 2005,E. coli,rich_broth,,False,41.41,3.715164
E_coli_O157_H-,Ratkowsky 2005,E. coli,rich_broth,,False,44.11,2.364084
E_coli_O157_H-,Ratkowsky 2005,E. coli,rich_broth,,False,44.81,1.988748
E_coli_O157_H7,Ratkowsky 2005,E. coli,rich_broth,,False,8.11,0.014256
E_coli_O157_H7,Ratkowsky 2005,E. coli,rich_broth,,False,9.91,0.045
E_coli_O157_H7,Ratkowsky 2005,E. coli,rich_broth,,False,11.91,0.10368
E_coli_O157_H7,Ratkowsky 2005,E. coli,rich_broth,,False,13.31,0.13284
E_coli_O157_H7,Ratkowsky 2005,E. coli,rich_broth,,False,14.61,0.21564
E_coli_O157_H7,Ratkowsky 2005,E. coli,rich_broth,,False,15.81,0.3528
E_coli_O157_H7,Ratkowsky 2005,E. coli,rich_broth,,False,17.11,0.571608
E_coli_O157_H7,Ratkowsky 2005,E. coli,rich_broth,,False,18.31,0.368244
E_coli_O157_H7,Ratkowsky 2005,E. coli,rich_broth,,False,19.51,0.4902479999999999
E_coli_O157_H7,Ratkowsky 2005,E. coli,rich_broth,,False,20.71,0.552528
E_coli_O157_H7,Ratkowsky 2005,E. coli,rich_broth,,False,21.61,0.53856
E_coli_O157_H7,Ratkowsky 2005,E. coli,rich_broth,,False,22.91,0.7343999999999999
E_coli_O157_H7,Ratkowsky 2005,E. coli,rich_broth,,False,24.31,0.754632
E_coli_O157_H7,Ratkowsky 2005,E. coli,rich_broth,,False,25.41,0.967572
E_coli_O157_H7,Ratkowsky 2005,E. coli,rich_broth,,False,26.61,1.051704
E_coli_O157_H7,Ratkowsky 2005,E. coli,rich_broth,,False,27.71,1.248948
E_coli_O157_H7,Ratkowsky 2005,E. coli,rich_broth,,False,29.21,1.422828
E_coli_O157_H7,Ratkowsky 2005,E. coli,rich_broth,,False,30.41,1.556028
E_coli_O157_H7,Ratkowsky 2005,E. coli,rich_broth,,False,31.81,1.7286119999999998
E_coli_O157_H7,Ratkowsky 2005,E. coli,rich_broth,,False,33.11,1.7316
E_coli_O157_H7,Ratkowsky 2005,E. coli,rich_broth,,False,34.61,1.997352
E_coli_O157_H7,Ratkowsky 2005,E. coli,rich_broth,,False,36.31,2.255652
E_coli_O157_H7,Ratkowsky 2005,E. coli,rich_broth,,False,37.81,2.086236
E_coli_O157_H7,Ratkowsky 2005,E. coli,rich_broth,,False,39.61,2.52846
E_coli_O157_H7,Ratkowsky 2005,E. coli,rich_broth,,False,41.81,2.471184
E_coli_O157_H7,Ratkowsky 2005,E. coli,rich_broth,,False,43.61,2.029068
E_coli_O81_H-_R106,Ratkowsky 2005,E. coli,rich_broth,,False,8.91,0.04572
E_coli_O81_H-_R106,Ratkowsky 2005,E. coli,rich_broth,,False,11.41,0.08892
E_coli_O81_H-_R106,Ratkowsky 2005,E. coli,rich_broth,,False,12.81,0.15696
E_coli_O81_H-_R106,Ratkowsky 2005,E. coli,rich_broth,,False,14.31,0.22716
E_coli_O81_H-_R106,Ratkowsky 2005,E. coli,rich_broth,,False,15.81,0.31932
E_coli_O81_H-_R106,Ratkowsky 2005,E. coli,rich_broth,,False,17.21,0.34884
E_coli_O81_H-_R106,Ratkowsky 2005,E. coli,rich_broth,,False,18.71,0.456948
E_coli_O81_H-_R106,Ratkowsky 2005,E. coli,rich_broth,,False,20.11,0.5209199999999999
E_coli_O81_H-_R106,Ratkowsky 2005,E. coli,rich_broth,,False,21.41,0.67176
E_coli_O81_H-_R106,Ratkowsky 2005,E. coli,rich_broth,,False,22.61,0.787212
E_coli_O81_H-_R106,Ratkowsky 2005,E. coli,rich_broth,,False,24.11,0.875772
E_coli_O81_H-_R106,Ratkowsky 2005,E. coli,rich_broth,,False,25.51,1.0358999999999998
E_coli_O81_H-_R106,Ratkowsky 2005,E. coli,rich_broth,,False,26.71,1.133568
E_coli_O81_H-_R106,Ratkowsky 2005,E. coli,rich_broth,,False,28.11,1.307196
E_coli_O81_H-_R106,Ratkowsky 2005,E. coli,rich_broth,,False,29.61,1.492164
E_coli_O81_H-_R106,Ratkowsky 2005,E. coli,rich_broth,,False,30.81,1.737612
E_coli_O81_H-_R106,Ratkowsky 2005,E. coli,rich_broth,,False,32.01,1.763676
E_coli_O81_H-_R106,Ratkowsky 2005,E. coli,rich_broth,,False,33.61,1.832076
E_coli_O81_H-_R106,Ratkowsky 2005,E. coli,rich_broth,,False,35.11,1.993356
E_coli_O81_H-_R106,Ratkowsky 2005,E. coli,rich_broth,,False,36.71,2.100852
E_coli_O81_H-_R106,Ratkowsky 2005,E. coli,rich_broth,,False,38.21,2.312136
E_coli_O81_H-_R106,Ratkowsky 2005,E. coli,rich_broth,,False,39.91,2.28834
E_coli_O81_H-_R106,Ratkowsky 2005,E. coli,rich_broth,,False,41.61,2.558628
E_coli_O81_H-_R106,Ratkowsky 2005,E. coli,rich_broth,,False,43.21,2.20428
E_coli_O81_H-_R106,Ratkowsky 2005,E. coli,rich_broth,,False,45.01,2.001348
E_coli_O81_H-_R106,Ratkowsky 2005,E. coli,rich_broth,,False,46.51,0.8726039999999999
E_coli_O88_H-_R171,Ratkowsky 2005,E. coli,rich_broth,,False,8.91,0.014328
E_coli_O88_H-_R171,Ratkowsky 2005,E. coli,rich_broth,,False,11.21,0.06084
E_coli_O88_H-_R171,Ratkowsky 2005,E. coli,rich_broth,,False,13.01,0.0882
E_coli_O88_H-_R171,Ratkowsky 2005,E. coli,rich_broth,,False,14.51,0.1591199999999999
E_coli_O88_H-_R171,Ratkowsky 2005,E. coli,rich_broth,,False,16.11,0.20412
E_coli_O88_H-_R171,Ratkowsky 2005,E. coli,rich_broth,,False,17.41,0.33588
E_coli_O88_H-_R171,Ratkowsky 2005,E. coli,rich_broth,,False,18.91,0.366624
E_coli_O88_H-_R171,Ratkowsky 2005,E. coli,rich_broth,,False,20.31,0.467676
E_coli_O88_H-_R171,Ratkowsky 2005,E. coli,rich_broth,,False,21.51,0.568656
E_coli_O88_H-_R171,Ratkowsky 2005,E. coli,rich_broth,,False,22.91,0.5992919999999999
E_coli_O88_H-_R171,Ratkowsky 2005,E. coli,rich_broth,,False,24.31,0.794484
E_coli_O88_H-_R171,Ratkowsky 2005,E. coli,rich_broth,,False,25.61,0.8586
E_coli_O88_H-_R171,Ratkowsky 2005,E. coli,rich_broth,,False,26.81,1.00638
E_coli_O88_H-_R171,Ratkowsky 2005,E. coli,rich_broth,,False,28.51,1.145484
E_coli_O88_H-_R171,Ratkowsky 2005,E. coli,rich_broth,,False,29.81,1.31004
E_coli_O88_H-_R171,Ratkowsky 2005,E. coli,rich_broth,,False,31.01,1.38762
E_coli_O88_H-_R171,Ratkowsky 2005,E. coli,rich_broth,,False,32.41,1.542816
E_coli_O88_H-_R171,Ratkowsky 2005,E. coli,rich_broth,,False,33.81,1.709388
E_coli_O88_H-_R171,Ratkowsky 2005,E. coli,rich_broth,,False,35.41,2.008692
E_coli_O88_H-_R171,Ratkowsky 2005,E. coli,rich_broth,,False,36.91,2.118636
E_coli_O88_H-_R171,Ratkowsky 2005,E. coli,rich_broth,,False,38.41,2.234628
E_coli_O88_H-_R171,Ratkowsky 2005,E. coli,rich_broth,,False,40.11,2.475252
E_coli_O88_H-_R171,Ratkowsky 2005,E. coli,rich_broth,,False,41.81,2.552112
E_coli_O88_H-_R171,Ratkowsky 2005,E. coli,rich_broth,,False,43.61,2.610972
E_coli_O88_H-_R171,Ratkowsky 2005,E. coli,rich_broth,,False,45.91,1.996668
E_coli_O88_H-_R172,Ratkowsky 2005,E. coli,rich_broth,,False,8.71,0.017172
E_coli_O88_H-_R172,Ratkowsky 2005,E. coli,rich_broth,,False,11.31,0.03474
E_coli_O88_H-_R172,Ratkowsky 2005,E. coli,rich_broth,,False,12.81,0.10152
E_coli_O88_H-_R172,Ratkowsky 2005,E. coli,rich_broth,,False,14.31,0.15012
E_coli_O88_H-_R172,Ratkowsky 2005,E. coli,rich_broth,,False,15.91,0.2221199999999999
E_coli_O88_H-_R172,Ratkowsky 2005,E. coli,rich_broth,,False,17.41,0.31932
E_coli_O88_H-_R172,Ratkowsky 2005,E. coli,rich_broth,,False,18.91,0.34164
E_coli_O88_H-_R172,Ratkowsky 2005,E. coli,rich_broth,,False,20.21,0.436788
E_coli_O88_H-_R172,Ratkowsky 2005,E. coli,rich_broth,,False,21.51,0.56556
E_coli_O88_H-_R172,Ratkowsky 2005,E. coli,rich_broth,,False,22.81,0.654228
E_coli_O88_H-_R172,Ratkowsky 2005,E. coli,rich_broth,,False,24.21,0.749988
E_coli_O88_H-_R172,Ratkowsky 2005,E. coli,rich_broth,,False,25.61,0.8358840000000001
E_coli_O88_H-_R172,Ratkowsky 2005,E. coli,rich_broth,,False,26.81,0.94104
E_coli_O88_H-_R172,Ratkowsky 2005,E. coli,rich_broth,,False,28.21,1.1474639999999998
E_coli_O88_H-_R172,Ratkowsky 2005,E. coli,rich_broth,,False,29.51,1.2474
E_coli_O88_H-_R172,Ratkowsky 2005,E. coli,rich_broth,,False,30.81,1.370484
E_coli_O88_H-_R172,Ratkowsky 2005,E. coli,rich_broth,,False,32.21,1.632672
E_coli_O88_H-_R172,Ratkowsky 2005,E. coli,rich_broth,,False,33.61,1.734624
E_coli_O88_H-_R172,Ratkowsky 2005,E. coli,rich_broth,,False,35.01,1.897524
E_coli_O88_H-_R172,Ratkowsky 2005,E. coli,rich_broth,,False,36.91,2.008044
E_coli_O88_H-_R172,Ratkowsky 2005,E. coli,rich_broth,,False,38.31,2.154384
E_coli_O88_H-_R172,Ratkowsky 2005,E. coli,rich_broth,,False,40.11,2.441016
E_coli_O88_H-_R172,Ratkowsky 2005,E. coli,rich_broth,,False,41.61,2.3895
E_coli_O88_H-_R172,Ratkowsky 2005,E. coli,rich_broth,,False,43.51,2.442996
E_coli_O88_H-_R172,Ratkowsky 2005,E. coli,rich_broth,,False,45.41,2.094984
E_coli_ONT H8_R91,Ratkowsky 2005,E. coli,rich_broth,,False,9.01,0.03672
E_coli_ONT H8_R91,Ratkowsky 2005,E. coli,rich_broth,,False,11.31,0.09504
E_coli_ONT H8_R91,Ratkowsky 2005,E. coli,rich_broth,,False,13.11,0.13932
E_coli_ONT H8_R91,Ratkowsky 2005,E. coli,rich_broth,,False,14.71,0.22176
E_coli_ONT H8_R91,Ratkowsky 2005,E. coli,rich_broth,,False,15.91,0.2754
E_coli_ONT H8_R91,Ratkowsky 2005,E. coli,rich_broth,,False,17.31,0.35424
E_coli_ONT H8_R91,Ratkowsky 2005,E. coli,rich_broth,,False,18.61,0.456624
E_coli_ONT H8_R91,Ratkowsky 2005,E. coli,rich_broth,,False,20.01,0.53856
E_coli_ONT H8_R91,Ratkowsky 2005,E. coli,rich_broth,,False,21.31,0.642276
E_coli_ONT H8_R91,Ratkowsky 2005,E. coli,rich_broth,,False,22.71,0.840816
E_coli_ONT H8_R91,Ratkowsky 2005,E. coli,rich_broth,,False,24.01,0.856044
E_coli_ONT H8_R91,Ratkowsky 2005,E. coli,rich_broth,,False,25.21,0.945468
E_coli_ONT H8_R91,Ratkowsky 2005,E. coli,rich_broth,,False,26.41,1.14372
E_coli_ONT H8_R91,Ratkowsky 2005,E. coli,rich_broth,,False,28.11,1.3495320000000002
E_coli_ONT H8_R91,Ratkowsky 2005,E. coli,rich_broth,,False,29.41,1.52208
E_coli_ONT H8_R91,Ratkowsky 2005,E. coli,rich_broth,,False,30.61,1.598724
E_coli_ONT H8_R91,Ratkowsky 2005,E. coli,rich_broth,,False,32.01,1.79856
E_coli_ONT H8_R91,Ratkowsky 2005,E. coli,rich_broth,,False,33.41,1.939248
E_coli_ONT H8_R91,Ratkowsky 2005,E. coli,rich_broth,,False,34.91,1.93986
E_coli_ONT H8_R91,Ratkowsky 2005,E. coli,rich_broth,,False,36.51,2.064708
E_coli_ONT H8_R91,Ratkowsky 2005,E. coli,rich_broth,,False,38.01,2.338272
E_coli_ONT H8_R91,Ratkowsky 2005,E. coli,rich_broth,,False,39.71,2.480364
E_coli_ONT H8_R91,Ratkowsky 2005,E. coli,rich_broth,,False,41.21,2.68578
E_coli_ONT H8_R91,Ratkowsky 2005,E. coli,rich_broth,,False,42.81,2.263284
E_coli_ONT H8_R91,Ratkowsky 2005,E. coli,rich_broth,,False,44.81,1.716732
E_coli_ONT H8_R91,Ratkowsky 2005,E. coli,rich_broth,,False,46.51,0.847332
Krist1997_Ecoli_0.977,Krist 1997/98,E. coli,rich_broth,,False,40.69265812,0.10224
Krist1997_Ecoli_0.977,Krist 1997/98,E. coli,rich_broth,,False,37.16326124,0.17352
Krist1997_Ecoli_0.977,Krist 1997/98,E. coli,rich_broth,,False,33.92815139,0.15768
Krist1997_Ecoli_0.977,Krist 1997/98,E. coli,rich_broth,,False,30.97237885,0.14508
Krist1997_Ecoli_0.977,Krist 1997/98,E. coli,rich_broth,,False,28.28270967,0.12816
Krist1997_Ecoli_0.977,Krist 1997/98,E. coli,rich_broth,,False,25.79383144,0.10584
Krist1997_Ecoli_0.977_2mM_betaine,Krist 1997/98,E. coli,rich_broth,,False,42.97656443,0.407052
Krist1997_Ecoli_0.977_2mM_betaine,Krist 1997/98,E. coli,rich_broth,,False,38.94622551,0.528552
Krist1997_Ecoli_0.977_2mM_betaine,Krist 1997/98,E. coli,rich_broth,,False,35.89354114,0.436032
Krist1997_Ecoli_0.977_2mM_betaine,Krist 1997/98,E. coli,rich_broth,,False,32.73897454,0.35964
Krist1997_Ecoli_0.977_2mM_betaine,Krist 1997/98,E. coli,rich_broth,,False,29.75363424,0.29664
Krist1997_Ecoli_0.977_2mM_betaine,Krist 1997/98,E. coli,rich_broth,,False,27.24050766,0.26208
Krist1997_Ecoli_0.977_2mM_betaine,Krist 1997/98,E. coli,rich_broth,,False,24.82022681,0.21204
Krist1997_Ecoli_0.977_2mM_betaine,Krist 1997/98,E. coli,rich_broth,,False,22.38796776,0.18972
Krist1997_Ecoli_0.977_2mM_betaine,Krist 1997/98,E. coli,rich_broth,,False,19.9950951,0.10152
Krist1997_Ecoli_0.977_2mM_betaine,Krist 1997/98,E. coli,rich_broth,,False,17.68971242,0.07668
Krist1997_Ecoli_0.998,Krist 1997/98,E. coli,rich_broth,,False,45.05987851,0.849276
Krist1997_Ecoli_0.998,Krist 1997/98,E. coli,rich_broth,,False,40.86315087,0.935028
Krist1997_Ecoli_0.998,Krist 1997/98,E. coli,rich_broth,,False,37.16326124,0.961092
Krist1997_Ecoli_0.998,Krist 1997/98,E. coli,rich_broth,,False,33.71142138,0.866952
Krist1997_Ecoli_0.998,Krist 1997/98,E. coli,rich_broth,,False,30.97237885,0.7054199999999999
Krist1997_Ecoli_0.998,Krist 1997/98,E. coli,rich_broth,,False,28.07387259,0.606456
Krist1997_Ecoli_0.998,Krist 1997/98,E. coli,rich_broth,,False,25.63930573,0.4968359999999999
Krist1997_Ecoli_0.998,Krist 1997/98,E. coli,rich_broth,,False,23.14366257,0.385272
Krist1997_Ecoli_0.998,Krist 1997/98,E. coli,rich_broth,,False,20.78869027,0.28872
Krist1997_Ecoli_0.998,Krist 1997/98,E. coli,rich_broth,,False,18.22614037,0.1965599999999999
Krist1997_Ecoli_0.998,Krist 1997/98,E. coli,rich_broth,,False,15.61196196,0.1173599999999999
Krist1997_Ecoli_0.998,Krist 1997/98,E. coli,rich_broth,,False,13.13849865,0.07992
Krist1997_Ecoli_0.998_2mM_betaine,Krist 1997/98,E. coli,rich_broth,,False,42.51752633,0.872928
Krist1997_Ecoli_0.998_2mM_betaine,Krist 1997/98,E. coli,rich_broth,,False,38.94622551,1.141272
Krist1997_Ecoli_0.998_2mM_betaine,Krist 1997/98,E. coli,rich_broth,,False,35.5643898,1.058184
Krist1997_Ecoli_0.998_2mM_betaine,Krist 1997/98,E. coli,rich_broth,,False,32.4697357,0.866952
Krist1997_Ecoli_0.998_2mM_betaine,Krist 1997/98,E. coli,rich_broth,,False,29.59498881,0.6540480000000001
Krist1997_Ecoli_0.998_2mM_betaine,Krist 1997/98,E. coli,rich_broth,,False,27.13677387,0.577944
Krist1997_Ecoli_0.998_2mM_betaine,Krist 1997/98,E. coli,rich_broth,,False,24.82022681,0.4606559999999999
Krist1997_Ecoli_0.998_2mM_betaine,Krist 1997/98,E. coli,rich_broth,,False,22.23694212,0.377424
Krist1997_Ecoli_0.998_2mM_betaine,Krist 1997/98,E. coli,rich_broth,,False,19.89630425,0.28656
Krist1997_Ecoli_0.998_2mM_betaine,Krist 1997/98,E. coli,rich_broth,,False,17.20414495,0.19512
Krist1997_Ecoli_0.998_2mM_betaine,Krist 1997/98,E. coli,rich_broth,,False,14.75068578,0.13752
Krist1997_Ecoli_0.998_2mM_betaine,Krist 1997/98,E. coli,rich_broth,,False,12.10461827,0.07416
Krist1998,Krist 1997/98,E. coli,rich_broth,,False,9.2056,0.03924
Krist1998,Krist 1997/98,E. coli,rich_broth,,False,10.953,0.06516
Krist1998,Krist 1997/98,E. coli,rich_broth,,False,12.4143,0.10116
Krist1998,Krist 1997/98,E. coli,rich_broth,,False,13.4838,0.12276
Krist1998,Krist 1997/98,E. coli,rich_broth,,False,14.8738,0.1583999999999999
Krist1998,Krist 1997/98,E. coli,rich_broth,,False,15.9057,0.2142
Krist1998,Krist 1997/98,E. coli,rich_broth,,False,17.0121,0.21456
Krist1998,Krist 1997/98,E. coli,rich_broth,,False,18.1174,0.2343599999999999
Krist1998,Krist 1997/98,E. coli,rich_broth,,False,19.2561,0.29592
Krist1998,Krist 1997/98,E. coli,rich_broth,,False,20.2171,0.3448799999999999
Krist1998,Krist 1997/98,E. coli,rich_broth,,False,21.1433,0.377676
Krist1998,Krist 1997/98,E. coli,rich_broth,,False,22.3534,0.439236
Krist1998,Krist 1997/98,E. coli,rich_broth,,False,24.419,0.5194439999999999
Krist1998,Krist 1997/98,E. coli,rich_broth,,False,25.7373,0.561024
Krist1998,Krist 1997/98,E. coli,rich_broth,,False,26.6971,0.632556
Krist1998,Krist 1997/98,E. coli,rich_broth,,False,28.0506,0.682704
Krist1998,Krist 1997/98,E. coli,rich_broth,,False,29.0838,0.7156440000000001
Krist1998,Krist 1997/98,E. coli,rich_broth,,False,29.9724,0.7828919999999999
Krist1998,Krist 1997/98,E. coli,rich_broth,,False,31.4332,0.828756
Krist1998,Krist 1997/98,E. coli,rich_broth,,False,32.0369,0.884556
Krist1998,Krist 1997/98,E. coli,rich_broth,,False,34.568,0.937656
Krist1998,Krist 1997/98,E. coli,rich_broth,,False,35.7424,1.00062
Krist1998,Krist 1997/98,E. coli,rich_broth,,False,38.0247,1.032264
Krist1998,Krist 1997/98,E. coli,rich_broth,,False,40.029,0.926676
Krist1998,Krist 1997/98,E. coli,rich_broth,,False,41.8482,0.27648
Membre_Ecoli_Strain1,Membre 2005,E. coli,rich_broth,,False,8.04582,0.03816
Membre_Ecoli_Strain1,Membre 2005,E. coli,rich_broth,,False,10.9838,0.1224
Membre_Ecoli_Strain1,Membre 2005,E. coli,rich_broth,,False,15.027,0.33336
Membre_Ecoli_Strain1,Membre 2005,E. coli,rich_broth,,False,25.027,1.079208
Membre_Ecoli_Strain1,Membre 2005,E. coli,rich_broth,,False,35.027,2.221128
Membre_Ecoli_Strain1,Membre 2005,E. coli,rich_broth,,False,40.0404,2.876832
Membre_Ecoli_Strain1,Membre 2005,E. coli,rich_broth,,False,45.0,2.690208
Membre_Ecoli_Strain2,Membre 2005,E. coli,rich_broth,,False,8.01887,0.0081
Membre_Ecoli_Strain2,Membre 2005,E. coli,rich_broth,,False,10.9838,0.09972
Membre_Ecoli_Strain2,Membre 2005,E. coli,rich_broth,,False,15.0,0.26352
Membre_Ecoli_Strain2,Membre 2005,E. coli,rich_broth,,False,25.0539,0.829908
Membre_Ecoli_Strain2,Membre 2005,E. coli,rich_broth,,False,35.0,1.889172
Membre_Ecoli_Strain2,Membre 2005,E. coli,rich_broth,,False,40.0404,2.4282
Membre_Ecoli_Strain2,Membre 2005,E. coli,rich_broth,,False,45.0,1.287648
Membre_Ecoli_Strain4,Membre 2005,E. coli,rich_broth,,False,8.04582,0.02682
Membre_Ecoli_Strain4,Membre 2005,E. coli,rich_broth,,False,10.9838,0.07704
Membre_Ecoli_Strain4,Membre 2005,E. coli,rich_broth,,False,15.0,0.2260799999999999
Membre_Ecoli_Strain4,Membre 2005,E. coli,rich_broth,,False,25.0539,0.934956
Membre_Ecoli_Strain4,Membre 2005,E. coli,rich_broth,,False,35.0539,2.347956
Membre_Ecoli_Strain4,Membre 2005,E. coli,rich_broth,,False,40.0674,2.7495
Membre_Ecoli_Strain4,Membre 2005,E. coli,rich_broth,,False,45.027,1.0917
Membre_Ecoli_Strain6,Membre 2005,E. coli,rich_broth,,False,7.99191,0.020124
Membre_Ecoli_Strain6,Membre 2005,E. coli,rich_broth,,False,11.0108,0.1008
Membre_Ecoli_Strain6,Membre 2005,E. coli,rich_broth,,False,15.0,0.2718
Membre_Ecoli_Strain6,Membre 2005,E. coli,rich_broth,,False,25.0539,0.97794
Membre_Ecoli_Strain6,Membre 2005,E. coli,rich_broth,,False,35.027,2.167848
Membre_Ecoli_Strain6,Membre 2005,E. coli,rich_broth,,False,40.0404,2.227068
Membre_Ecoli_Strain6,Membre 2005,E. coli,rich_broth,,False,44.973,2.040372
Membre_Ecoli_Strain9,Membre 2005,E. coli,rich_broth,,False,8.01887,0.033768
Membre_Ecoli_Strain9,Membre 2005,E. coli,rich_broth,,False,10.9838,0.12348
Membre_Ecoli_Strain9,Membre 2005,E. coli,rich_broth,,False,15.0,0.2952
Membre_Ecoli_Strain9,Membre 2005,E. coli,rich_broth,,False,25.027,1.138068
Membre_Ecoli_Strain9,Membre 2005,E. coli,rich_broth,,False,35.027,2.378664
Membre_Ecoli_Strain9,Membre 2005,E. coli,rich_broth,,False,40.0404,2.986272
Membre_Ecoli_Strain9,Membre 2005,E. coli,rich_broth,,False,44.973,2.4282
Mohr_1980_E_coli,Mohr-Krawiec 1980,E. coli,glucose_minimal,,True,20.15329908,0.27036
Mohr_1980_E_coli,Mohr-Krawiec 1980,E. coli,glucose_minimal,,True,23.00151111,0.58194
Mohr_1980_E_coli,Mohr-Krawiec 1980,E. coli,glucose_minimal,,True,26.33189632,0.636804
Mohr_1980_E_coli,Mohr-Krawiec 1980,E. coli,glucose_minimal,,True,28.25181986,0.78318
Mohr_1980_E_coli,Mohr-Krawiec 1980,E. coli,glucose_minimal,,True,29.99421176,0.956088
Mohr_1980_E_coli,Mohr-Krawiec 1980,E. coli,glucose_minimal,,True,31.62212188,1.092348
Mohr_1980_E_coli,Mohr-Krawiec 1980,E. coli,glucose_minimal,,True,33.61728634,1.185624
Mohr_1980_E_coli,Mohr-Krawiec 1980,E. coli,glucose_minimal,,True,36.55299483,1.31616
Mohr_1980_E_coli,Mohr-Krawiec 1980,E. coli,glucose_minimal,,True,38.54155004,1.439028
Mohr_1980_E_coli,Mohr-Krawiec 1980,E. coli,glucose_minimal,,True,40.20094366,1.318572
Mohr_1980_E_coli,Mohr-Krawiec 1980,E. coli,glucose_minimal,,True,42.23876396,1.389636
Mohr_1980_E_coli,Mohr-Krawiec 1980,E. coli,glucose_minimal,,True,44.4534911,1.38096
Mohr_1980_E_coli,Mohr-Krawiec 1980,E. coli,glucose_minimal,,True,45.28989925,1.007028
Mohr_1980_E_coli,Mohr-Krawiec 1980,E. coli,glucose_minimal,,True,46.64533099,0.922572
Mohr_1980_E_coli,Mohr-Krawiec 1980,E. coli,glucose_minimal,,True,48.47717621,0.16272
Van_Derlinden_E_coli,VanDerlinden 2012,E. coli,rich_broth,,False,6.99078,0.01674
Van_Derlinden_E_coli,VanDerlinden 2012,E. coli,rich_broth,,False,7.95921,0.015948
Van_Derlinden_E_coli,VanDerlinden 2012,E. coli,rich_broth,,False,8.52775,0.030528
Van_Derlinden_E_coli,VanDerlinden 2012,E. coli,rich_broth,,False,9.9523,0.023184
Van_Derlinden_E_coli,VanDerlinden 2012,E. coli,rich_broth,,False,9.95115,0.0414
Van_Derlinden_E_coli,VanDerlinden 2012,E. coli,rich_broth,,False,9.95086,0.04716
Van_Derlinden_E_coli,VanDerlinden 2012,E. coli,rich_broth,,False,11.9996,0.09072
Van_Derlinden_E_coli,VanDerlinden 2012,E. coli,rich_broth,,False,12.3986,0.08316
Van_Derlinden_E_coli,VanDerlinden 2012,E. coli,rich_broth,,False,12.4548,0.1047599999999999
Van_Derlinden_E_coli,VanDerlinden 2012,E. coli,rich_broth,,False,14.3922,0.08676
Van_Derlinden_E_coli,VanDerlinden 2012,E. coli,rich_broth,,False,15.1322,0.0986399999999999
Van_Derlinden_E_coli,VanDerlinden 2012,E. coli,rich_broth,,False,14.9609,0.1112399999999999
Van_Derlinden_E_coli,VanDerlinden 2012,E. coli,rich_broth,,False,14.9604,0.12672
Van_Derlinden_E_coli,VanDerlinden 2012,E. coli,rich_broth,,False,14.9027,0.15084
Van_Derlinden_E_coli,VanDerlinden 2012,E. coli,rich_broth,,False,14.9592,0.16884
Van_Derlinden_E_coli,VanDerlinden 2012,E. coli,rich_broth,,False,15.9288,0.12672
Van_Derlinden_E_coli,VanDerlinden 2012,E. coli,rich_broth,,False,15.9849,0.15336
Van_Derlinden_E_coli,VanDerlinden 2012,E. coli,rich_broth,,False,16.6679,0.1746
Van_Derlinden_E_coli,VanDerlinden 2012,E. coli,rich_broth,,False,16.6677,0.18252
Van_Derlinden_E_coli,VanDerlinden 2012,E. coli,rich_broth,,False,17.5211,0.2232
Van_Derlinden_E_coli,VanDerlinden 2012,E. coli,rich_broth,,False,17.5208,0.2358
Van_Derlinden_E_coli,VanDerlinden 2012,E. coli,rich_broth,,False,18.2634,0.15372
Van_Derlinden_E_coli,VanDerlinden 2012,E. coli,rich_broth,,False,19.0581,0.26496
Van_Derlinden_E_coli,VanDerlinden 2012,E. coli,rich_broth,,False,19.9695,0.26496
Van_Derlinden_E_coli,VanDerlinden 2012,E. coli,rich_broth,,False,20.0254,0.31716
Van_Derlinden_E_coli,VanDerlinden 2012,E. coli,rich_broth,,False,20.025,0.33588
Van_Derlinden_E_coli,VanDerlinden 2012,E. coli,rich_broth,,False,20.0245,0.362484
Van_Derlinden_E_coli,VanDerlinden 2012,E. coli,rich_broth,,False,20.9931,0.351
Van_Derlinden_E_coli,VanDerlinden 2012,E. coli,rich_broth,,False,20.9927,0.374328
Van_Derlinden_E_coli,VanDerlinden 2012,E. coli,rich_broth,,False,21.3312,0.573408
Van_Derlinden_E_coli,VanDerlinden 2012,E. coli,rich_broth,,False,21.8464,0.414972
Van_Derlinden_E_coli,VanDerlinden 2012,E. coli,rich_broth,,False,22.4159,0.423396
Van_Derlinden_E_coli,VanDerlinden 2012,E. coli,rich_broth,,False,22.4153,0.457704
Van_Derlinden_E_coli,VanDerlinden 2012,E. coli,rich_broth,,False,22.415,0.475344
Van_Derlinden_E_coli,VanDerlinden 2012,E. coli,rich_broth,,False,22.4146,0.502452
Van_Derlinden_E_coli,VanDerlinden 2012,E. coli,rich_broth,,False,22.4704,0.5735159999999999
Van_Derlinden_E_coli,VanDerlinden 2012,E. coli,rich_broth,,False,22.4685,0.713268
Van_Derlinden_E_coli,VanDerlinden 2012,E. coli,rich_broth,,False,22.4668,0.850284
Van_Derlinden_E_coli,VanDerlinden 2012,E. coli,rich_broth,,False,23.0419,0.4577759999999999
Van_Derlinden_E_coli,VanDerlinden 2012,E. coli,rich_broth,,False,23.0409,0.516348
Van_Derlinden_E_coli,VanDerlinden 2012,E. coli,rich_broth,,False,23.098,0.507132
Van_Derlinden_E_coli,VanDerlinden 2012,E. coli,rich_broth,,False,23.6669,0.554256
Van_Derlinden_E_coli,VanDerlinden 2012,E. coli,rich_broth,,False,23.9512,0.5884560000000001
Van_Derlinden_E_coli,VanDerlinden 2012,E. coli,rich_broth,,False,23.7228,0.628776
Van_Derlinden_E_coli,VanDerlinden 2012,E. coli,rich_broth,,False,24.0036,0.948492
Van_Derlinden_E_coli,VanDerlinden 2012,E. coli,rich_broth,,False,24.5188,0.735516
Van_Derlinden_E_coli,VanDerlinden 2012,E. coli,rich_broth,,False,24.9734,0.82692
Van_Derlinden_E_coli,VanDerlinden 2012,E. coli,rich_broth,,False,24.9153,0.923616
Van_Derlinden_E_coli,VanDerlinden 2012,E. coli,rich_broth,,False,25.0316,0.7245360000000001
Van_Derlinden_E_coli,VanDerlinden 2012,E. coli,rich_broth,,False,25.032,0.697284
Van_Derlinden_E_coli,VanDerlinden 2012,E. coli,rich_broth,,False,25.0337,0.573804
Van_Derlinden_E_coli,VanDerlinden 2012,E. coli,rich_broth,,False,24.9786,0.457956
Van_Derlinden_E_coli,VanDerlinden 2012,E. coli,rich_broth,,False,26.9637,1.119636
Van_Derlinden_E_coli,VanDerlinden 2012,E. coli,rich_broth,,False,27.4776,1.0064879999999998
Van_Derlinden_E_coli,VanDerlinden 2012,E. coli,rich_broth,,False,27.4783,0.94896
Van_Derlinden_E_coli,VanDerlinden 2012,E. coli,rich_broth,,False,27.5929,0.8870760000000001
Van_Derlinden_E_coli,VanDerlinden 2012,E. coli,rich_broth,,False,27.5936,0.833148
Van_Derlinden_E_coli,VanDerlinden 2012,E. coli,rich_broth,,False,27.9341,0.936504
Van_Derlinden_E_coli,VanDerlinden 2012,E. coli,rich_broth,,False,28.5022,1.072512
Van_Derlinden_E_coli,VanDerlinden 2012,E. coli,rich_broth,,False,29.3548,1.246464
Van_Derlinden_E_coli,VanDerlinden 2012,E. coli,rich_broth,,False,29.3546,1.268208
Van_Derlinden_E_coli,VanDerlinden 2012,E. coli,rich_broth,,False,29.9821,1.182492
Van_Derlinden_E_coli,VanDerlinden 2012,E. coli,rich_broth,,False,29.9816,1.232208
Van_Derlinden_E_coli,VanDerlinden 2012,E. coli,rich_broth,,False,29.9238,1.312344
Van_Derlinden_E_coli,VanDerlinden 2012,E. coli,rich_broth,,False,31.2327,1.4414399999999998
Van_Derlinden_E_coli,VanDerlinden 2012,E. coli,rich_broth,,False,31.2304,1.700388
Van_Derlinden_E_coli,VanDerlinden 2012,E. coli,rich_broth,,False,32.0292,1.552248
Van_Derlinden_E_coli,VanDerlinden 2012,E. coli,rich_broth,,False,32.7691,1.617444
Van_Derlinden_E_coli,VanDerlinden 2012,E. coli,rich_broth,,False,32.4843,1.6092000000000002
Van_Derlinden_E_coli,VanDerlinden 2012,E. coli,rich_broth,,False,32.4836,1.692216
Van_Derlinden_E_coli,VanDerlinden 2012,E. coli,rich_broth,,False,33.793,1.7861760000000002
Van_Derlinden_E_coli,VanDerlinden 2012,E. coli,rich_broth,,False,34.9886,1.856196
Van_Derlinden_E_coli,VanDerlinden 2012,E. coli,rich_broth,,False,34.988,1.92726
Van_Derlinden_E_coli,VanDerlinden 2012,E. coli,rich_broth,,False,34.9874,2.008872
Van_Derlinden_E_coli,VanDerlinden 2012,E. coli,rich_broth,,False,36.2389,2.225304
Van_Derlinden_E_coli,VanDerlinden 2012,E. coli,rich_broth,,False,36.5228,2.342556
Van_Derlinden_E_coli,VanDerlinden 2012,E. coli,rich_broth,,False,36.9789,2.293452
Van_Derlinden_E_coli,VanDerlinden 2012,E. coli,rich_broth,,False,36.9793,2.235132
Van_Derlinden_E_coli,VanDerlinden 2012,E. coli,rich_broth,,False,36.9797,2.187072
Van_Derlinden_E_coli,VanDerlinden 2012,E. coli,rich_broth,,False,37.492,2.23524
Van_Derlinden_E_coli,VanDerlinden 2012,E. coli,rich_broth,,False,37.4916,2.283804
Van_Derlinden_E_coli,VanDerlinden 2012,E. coli,rich_broth,,False,39.998,2.274588
Van_Derlinden_E_coli,VanDerlinden 2012,E. coli,rich_broth,,False,39.9401,2.403036
Van_Derlinden_E_coli,VanDerlinden 2012,E. coli,rich_broth,,False,39.9397,2.4635160000000003
Van_Derlinden_E_coli,VanDerlinden 2012,E. coli,rich_broth,,False,39.996,2.545344
Van_Derlinden_E_coli,VanDerlinden 2012,E. coli,rich_broth,,False,40.966,2.3238
Van_Derlinden_E_coli,VanDerlinden 2012,E. coli,rich_broth,,False,41.0219,2.47392
Van_Derlinden_E_coli,VanDerlinden 2012,E. coli,rich_broth,,False,41.9916,2.284776
Van_Derlinden_E_coli,VanDerlinden 2012,E. coli,rich_broth,,False,43.0166,2.324232
Van_Derlinden_E_coli,VanDerlinden 2012,E. coli,rich_broth,,False,43.0171,2.255796
Van_Derlinden_E_coli,VanDerlinden 2012,E. coli,rich_broth,,False,43.0186,2.056572
Van_Derlinden_E_coli,VanDerlinden 2012,E. coli,rich_broth,,False,44.0439,2.066076
Van_Derlinden_E_coli,VanDerlinden 2012,E. coli,rich_broth,,False,44.0445,1.983312
Van_Derlinden_E_coli,VanDerlinden 2012,E. coli,rich_broth,,False,44.9595,1.5545520000000002
Van_Derlinden_E_coli,VanDerlinden 2012,E. coli,rich_broth,,False,45.0172,1.475028
Van_Derlinden_E_coli,VanDerlinden 2012,E. coli,rich_broth,,False,46.0498,0.788976
Van_Derlinden_E_coli,VanDerlinden 2012,E. coli,rich_broth,,False,46.0507,0.716148
